{
  "project_info": {
    "project_number": "961376912505",
    "project_id": "noteapp-540b8",
    "storage_bucket": "noteapp-540b8.firebasestorage.app"
  },
  "client": [
    {
      "client_info": {
        "mobilesdk_app_id": "1:961376912505:android:002e9237dbd3c17b5540a8",
        "android_client_info": {
          "package_name": "com.beriii.noteapp"
        }
      },
      "oauth_client": [],
      "api_key": [
        {
          "current_key": "AIzaSyBDh7TQukM61SuGvKCtfFX2LLmGp6XPqhU"
        }
      ],
      "services": {
        "appinvite_service": {
          "other_platform_oauth_client": []
        }
      }
    }
  ],
  "configuration_version": "1"
}